USERNAMES,TOTAL NUMBER: 71
bantamko
bethelgr
eladiare
ethicalc
fletamal
galinagl
hothoreg
ibleelec
malleonc
maulange
staceeca
veigarde
watersri
amymoneg
arlettaw
barbracr
bradbigg
casseydo
chadzula
dhazzarn
genjifal
juniperd
kariefan
knapprit
mallusok
minellaq
olyvarca
oureadag
pressedm
stewfurt
ullervin
yandryme
briancom
caeneusf
chipgoos
corrined
falmerle
grandpaw
havenosb
jazminja
jorkinsb
jynxbark
lonnieov
lymondes
malborda
marthado
prakflat
tarijoan
vanillas
carlpage
cattermy
cicelyaa
crissyfo
eddarach
evonchri
hisakoin
jameebar
kacicare
leenaeli
levelpre
lingtemp
lophandn
marthaqu
novercra
onionslo
rammussc
smedleya
stefanfr
tameikag
tylergir
wymandae
