USERNAMES,TOTAL NUMBER: 67
albettbu
ayakofuj
brittnib
donaljac
hazraksa
managiml
marvinad
namikari
norahara
pallasar
rivaharm
roonemac
slowmose
stevenha
ummadesh
venonats
warnercr
botanwin
cerebrar
claradon
colddulc
delorisw
francede
kenaodil
lavetaty
petermys
roxiegus
squeecla
starvinm
vassagor
adarysel
andreefi
azorjane
boriskar
butcherf
celinaph
coranorr
deliadai
eugenies
gumblelo
lyonelsi
maliqaug
miklazre
mosheros
narcissm
organalo
prunesgl
spinneta
sudiesca
visionti
willyavr
aethance
branchlo
chunidah
eloyheth
jerilynm
jigsawla
neilbodg
odisinca
quincjan
randomma
roddmedi
romandam
skipmani
stilgars
tresafog
ullhorco
