student,title,status,total registered: 290
amadagra,E02D12,EXAM
amandaci,E02D12,EXAM
anyamode,E02D12,EXAM
artieulr,E02D12,EXAM
bantamko,E02D12,EXAM
bethelgr,E02D12,EXAM
brentonc,E02D12,EXAM
careymis,E02D12,EXAM
caswellq,E02D12,EXAM
celsafer,E02D12,EXAM
chesthil,E02D12,EXAM
chestshr,E02D12,EXAM
crowbrya,E02D12,EXAM
dhansakp,E02D12,EXAM
dianeevi,E02D12,EXAM
eladiare,E02D12,EXAM
elannama,E02D12,EXAM
elliottd,E02D12,EXAM
ethicalc,E02D12,EXAM
fenrircr,E02D12,EXAM
frynneli,E02D12,EXAM
galinagl,E02D12,EXAM
gladisde,E02D12,EXAM
hilaryle,E02D12,EXAM
hothoreg,E02D12,EXAM
ibleelec,E02D12,EXAM
jamissaf,E02D12,EXAM
johnnyge,E02D12,EXAM
jovansha,E02D12,EXAM
judicarm,E02D12,EXAM
kaciemag,E02D12,EXAM
kafkanor,E02D12,EXAM
kelleeta,E02D12,EXAM
kitschel,E02D12,EXAM
kramerpe,E02D12,EXAM
laciedel,E02D12,EXAM
ladderpe,E02D12,EXAM
lainepro,E02D12,EXAM
lalakrys,E02D12,EXAM
largomor,E02D12,EXAM
loreanko,E02D12,EXAM
loreleir,E02D12,EXAM
luthorsh,E02D12,EXAM
mahialmo,E02D12,EXAM
malleonc,E02D12,EXAM
marquisd,E02D12,EXAM
mashacar,E02D12,EXAM
millydav,E02D12,EXAM
missmath,E02D12,EXAM
mudcraby,E02D12,EXAM
nailsmar,E02D12,EXAM
naomanub,E02D12,EXAM
nonastar,E02D12,EXAM
nonawait,E02D12,EXAM
norreyma,E02D12,EXAM
orionmet,E02D12,EXAM
pepitasl,E02D12,EXAM
raymondk,E02D12,EXAM
reathabo,E02D12,EXAM
richtyre,E02D12,EXAM
rogantom,E02D12,EXAM
salazarc,E02D12,EXAM
scheinsh,E02D12,EXAM
selmypai,E02D12,EXAM
solegraz,E02D12,EXAM
staceeca,E02D12,EXAM
steelyow,E02D12,EXAM
templema,E02D12,EXAM
tiesemoo,E02D12,EXAM
tucodaug,E02D12,EXAM
veigarde,E02D12,EXAM
vixenpro,E02D12,EXAM
watersri,E02D12,EXAM
xerathma,E02D12,EXAM
adrienla,E02D12,EXAM
albinali,E02D12,EXAM
alexiaki,E02D12,EXAM
amymoneg,E02D12,EXAM
aprilkiz,E02D12,EXAM
arlettaw,E02D12,EXAM
arnitaho,E02D12,EXAM
auroreex,E02D12,EXAM
barbracr,E02D12,EXAM
bradbigg,E02D12,EXAM
breamblo,E02D12,EXAM
broggcas,E02D12,EXAM
casieigg,E02D12,EXAM
chadzula,E02D12,EXAM
dagmarja,E02D12,EXAM
dareonhe,E02D12,EXAM
delilagl,E02D12,EXAM
dexterla,E02D12,EXAM
dhazzarn,E02D12,EXAM
dolliema,E02D12,EXAM
elletand,E02D12,EXAM
farlenpe,E02D12,EXAM
genjifal,E02D12,EXAM
gungance,E02D12,EXAM
haldercy,E02D12,EXAM
harwoodd,E02D12,EXAM
jeannaha,E02D12,EXAM
jinnjadz,E02D12,EXAM
jungbran,E02D12,EXAM
juniperd,E02D12,EXAM
justinac,E02D12,EXAM
kariefan,E02D12,EXAM
karitick,E02D12,EXAM
katijose,E02D12,EXAM
khaylama,E02D12,EXAM
kristana,E02D12,EXAM
lashonsa,E02D12,EXAM
louiejor,E02D12,EXAM
maguspun,E02D12,EXAM
mallusok,E02D12,EXAM
maudiear,E02D12,EXAM
merriehe,E02D12,EXAM
mezzaras,E02D12,EXAM
minellaq,E02D12,EXAM
naerysem,E02D12,EXAM
odenmjol,E02D12,EXAM
olyvarca,E02D12,EXAM
oureadag,E02D12,EXAM
pohlbent,E02D12,EXAM
powerspo,E02D12,EXAM
pressedm,E02D12,EXAM
rosalvat,E02D12,EXAM
rudyruss,E02D12,EXAM
spockvic,E02D12,EXAM
spykeves,E02D12,EXAM
stewfurt,E02D12,EXAM
stooparn,E02D12,EXAM
stoopsam,E02D12,EXAM
swarmber,E02D12,EXAM
tannerke,E02D12,EXAM
texannor,E02D12,EXAM
toffeeba,E02D12,EXAM
ullervin,E02D12,EXAM
varamyrm,E02D12,EXAM
venmohot,E02D12,EXAM
wilforda,E02D12,EXAM
yandryme,E02D12,EXAM
yonnmoll,E02D12,EXAM
andrikfu,E02D12,EXAM
aniseedp,E02D12,EXAM
annettab,E02D12,EXAM
avengerd,E02D12,EXAM
bennette,E02D12,EXAM
bertbria,E02D12,EXAM
briancom,E02D12,EXAM
brunchme,E02D12,EXAM
byrchail,E02D12,EXAM
caeneusf,E02D12,EXAM
carrolsu,E02D12,EXAM
chantayz,E02D12,EXAM
chipgoos,E02D12,EXAM
clowndea,E02D12,EXAM
cotterbr,E02D12,EXAM
creambri,E02D12,EXAM
dinashem,E02D12,EXAM
dollarty,E02D12,EXAM
drowzeev,E02D12,EXAM
elphiasb,E02D12,EXAM
emeraldb,E02D12,EXAM
emeraldm,E02D12,EXAM
eulabrad,E02D12,EXAM
falmerle,E02D12,EXAM
fromagep,E02D12,EXAM
garlicgo,E02D12,EXAM
gayteboo,E02D12,EXAM
gerdurig,E02D12,EXAM
ginojenn,E02D12,EXAM
grandpaw,E02D12,EXAM
gruyeres,E02D12,EXAM
havenosb,E02D12,EXAM
hoagsmil,E02D12,EXAM
imogenef,E02D12,EXAM
jessiagi,E02D12,EXAM
jorelleb,E02D12,EXAM
jorkinsb,E02D12,EXAM
jynxbark,E02D12,EXAM
kasifund,E02D12,EXAM
laylacri,E02D12,EXAM
leaderch,E02D12,EXAM
lettiear,E02D12,EXAM
logginsp,E02D12,EXAM
loiselon,E02D12,EXAM
lonnieov,E02D12,EXAM
lymondes,E02D12,EXAM
madamkat,E02D12,EXAM
malborda,E02D12,EXAM
mariamfi,E02D12,EXAM
meciumol,E02D12,EXAM
mortyath,E02D12,EXAM
mycahpap,E02D12,EXAM
myrticeh,E02D12,EXAM
nigeltys,E02D12,EXAM
peaketar,E02D12,EXAM
phylisfe,E02D12,EXAM
prakflat,E02D12,EXAM
runcelca,E02D12,EXAM
shubques,E02D12,EXAM
spectrab,E02D12,EXAM
strangen,E02D12,EXAM
tabethau,E02D12,EXAM
tarijoan,E02D12,EXAM
tominell,E02D12,EXAM
tumcogol,E02D12,EXAM
unellary,E02D12,EXAM
vanillas,E02D12,EXAM
wothstin,E02D12,EXAM
wynndoro,E02D12,EXAM
allisern,E02D12,EXAM
ariellev,E02D12,EXAM
ashfordj,E02D12,EXAM
banhmart,E02D12,EXAM
barbreyv,E02D12,EXAM
bluesqui,E02D12,EXAM
botanvap,E02D12,EXAM
bowenemm,E02D12,EXAM
brynncet,E02D12,EXAM
brynnrub,E02D12,EXAM
carliete,E02D12,EXAM
carlpage,E02D12,EXAM
castorch,E02D12,EXAM
cattermy,E02D12,EXAM
cheryllg,E02D12,EXAM
cicelyaa,E02D12,EXAM
colemonj,E02D12,EXAM
coonzulm,E02D12,EXAM
crissyfo,E02D12,EXAM
danniela,E02D12,EXAM
daphnejo,E02D12,EXAM
delmybru,E02D12,EXAM
eladiaam,E02D12,EXAM
fawnlexi,E02D12,EXAM
fowlerqu,E02D12,EXAM
ghostast,E02D12,EXAM
hardyter,E02D12,EXAM
harmundl,E02D12,EXAM
hideousk,E02D12,EXAM
hisakoin,E02D12,EXAM
idellket,E02D12,EXAM
jameebar,E02D12,EXAM
jennican,E02D12,EXAM
jericado,E02D12,EXAM
joserana,E02D12,EXAM
kieshaco,E02D12,EXAM
kishamar,E02D12,EXAM
kraiggil,E02D12,EXAM
kristaba,E02D12,EXAM
leenaeli,E02D12,EXAM
levelpre,E02D12,EXAM
lidapryo,E02D12,EXAM
lilliams,E02D12,EXAM
lingtemp,E02D12,EXAM
lophandn,E02D12,EXAM
loycemuc,E02D12,EXAM
malloryc,E02D12,EXAM
marlynto,E02D12,EXAM
marthaqu,E02D12,EXAM
minedran,E02D12,EXAM
ninonanc,E02D12,EXAM
novercra,E02D12,EXAM
olympewi,E02D12,EXAM
onionslo,E02D12,EXAM
phuongwa,E02D12,EXAM
rammussc,E02D12,EXAM
raulcrus,E02D12,EXAM
redfishe,E02D12,EXAM
rignesap,E02D12,EXAM
rolleyva,E02D12,EXAM
rudolfsa,E02D12,EXAM
rustyilo,E02D12,EXAM
sarumanj,E02D12,EXAM
scheinwe,E02D12,EXAM
serinaqu,E02D12,EXAM
shoreluc,E02D12,EXAM
smedleya,E02D12,EXAM
starmieb,E02D12,EXAM
steelbut,E02D12,EXAM
stefanfr,E02D12,EXAM
tylandfa,E02D12,EXAM
tylergir,E02D12,EXAM
tyrandes,E02D12,EXAM
ukelelew,E02D12,EXAM
vilkasro,E02D12,EXAM
virginpr,E02D12,EXAM
woodyriv,E02D12,EXAM
wymandae,E02D12,EXAM
zizekgen,E02D12,EXAM
