USERNAMES,TOTAL NUMBER: 103
katijose
kristana
tarijoan
anyamode
caswellq
watersri
maguspun
grandpaw
wymandae
judicarm
tominell
brentonc
olyvarca
stewfurt
chestshr
kelleeta
malleonc
staceeca
vixenpro
aprilkiz
dhazzarn
odenmjol
leaderch
lingtemp
scheinwe
salazarc
onionslo
frynneli
loreanko
louiejor
tannerke
annettab
lonnieov
tylandfa
largomor
haldercy
bennette
eladiaam
idellket
artieulr
eladiare
gladisde
jovansha
laciedel
loreleir
nonastar
raymondk
solegraz
veigarde
bradbigg
dexterla
gungance
maudiear
mezzaras
minellaq
powerspo
rudyruss
avengerd
carrolsu
cotterbr
dollarty
emeraldm
fromagep
gruyeres
mycahpap
nigeltys
peaketar
prakflat
unellary
banhmart
brynnrub
colemonj
daphnejo
ghostast
jameebar
leenaeli
levelpre
lilliams
marlynto
ninonanc
raulcrus
smedleya
tylergir
gerdurig
hilaryle
jamissaf
jungbran
merriehe
fowlerqu
rignesap
amadagra
bantamko
kramerpe
nailsmar
norreyma
orionmet
broggcas
stooparn
chipgoos
garlicgo
orgnarda
brynncet
vilkasro
