USERNAMES,TOTAL NUMBER: 53,ACCEPTANCE RATE: 15.27%
albettbu
brittnib
emelyaur
johnieer
norahara
rivaharm
roonemac
venonats
botanwin
bradyque
corinagu
greymayn
kathring
kenaodil
mickimic
petermys
qhorinha
roxiegus
sibylvad
spermhak
alixzolt
andrewsh
andrikky
azorjane
boriskar
butcherf
celinaph
charisep
deliadai
edmondfa
eugenies
maliqaug
narcissm
organalo
prunesgl
regenase
ridgefer
tortugab
woodyjof
bywaterc
corynana
fairyjul
fredrive
neilbodg
odisinca
probiusp
pucktobi
purajust
radishta
randomma
romandam
skipmani
tresafog
