USERNAMES,TOTAL NUMBER: 64,ACCEPTANCE RATE: 10.60%
advisorj
amandaci
brentonc
elliottd
hilaryle
ibleelec
jovansha
kaciemag
lainepro
largomor
loreanko
millydav
orionmet
raymondk
solegraz
tucodaug
xerathma
adrienla
aprilkiz
bradbigg
chadzula
dagmarja
dexterla
elletand
farlenpe
haldercy
jeannaha
jungbran
kristana
maudiear
merriehe
minellaq
olyvarca
oureadag
powerspo
rosalvat
rudyruss
stewfurt
tannerke
toffeeba
ullervin
bennette
bertbria
cherehaw
clowndea
elphiasb
eulabrad
gerdurig
grandpaw
jorelleb
jynxbark
leaderch
lettiear
meciumol
myrticeh
prakflat
spectrab
allisern
bluesqui
cheryllg
cicelyaa
coonzulm
crissyfo
daphnejo
