USERNAMES,TOTAL NUMBER: 153,ACCEPTANCE RATE: 21.89%
advisorj
amandaci
anyamode
brentonc
chestshr
crowbrya
dhansakp
eladiare
elannama
elliottd
gladisde
hilaryle
jamissaf
judicarm
kelleeta
kitschel
laciedel
lainepab
lainepro
largomor
loreanko
malleonc
marquisd
matildae
nailsmar
nonastar
norreyma
pearliec
raymondk
richtyre
selmypai
solegraz
staceeca
steelyow
templema
tucodaug
veigarde
xerathma
adrienla
aprilkiz
arlettaw
barbracr
bradbigg
broggcas
dhazzarn
elletand
farlenpe
genjifal
gungance
haldercy
jeannaha
jennellb
jinnjadz
justinac
karitick
katijose
kristana
lashonsa
louiejor
lyjabruc
maguspun
maudiear
mezzaras
minellaq
odenmjol
olyvarca
oureadag
pressedm
rosalvat
rudyruss
stewfurt
stooparn
swarmber
texannor
toffeeba
ullervin
yandryme
andrikfu
annettab
avengerd
bennette
bertbria
brunchme
carrolsu
chipgoos
clowndea
cotterbr
dinashem
drowzeev
elphiasb
emeraldb
eulabrad
gerdurig
gragaskr
grandpaw
hoagsmil
imogenef
jorelleb
jynxbark
kasifund
lannamaf
logginsp
loiselon
mariamfi
marthado
merylang
myrticeh
phylisfe
prakflat
premierm
spectrab
tarijoan
tominell
trinhmil
unellary
veganwar
adahvect
allisern
banhmart
bluesqui
bowenemm
brynncet
cheryllg
cicelyaa
crissyfo
danniela
ghostast
harmundl
idellket
jericado
joserana
kieshaco
kishamar
kraiggil
kristaba
leenaeli
levelpre
lilliams
lingtemp
lophandn
marthaqu
normawon
novercra
rammussc
raulcrus
rebaavri
rignesap
rudolfsa
tylandfa
tylergir
tyrandes
woodyriv
wymandae
