USERNAMES,TOTAL NUMBER: 143
amadagra
artieulr
bantamko
bethelgr
careymis
caswellq
chesthil
dianeevi
eladiare
elliottd
frynneli
galinagl
gladisde
hothoreg
ibleelec
jamissaf
jovansha
judicarm
kaciemag
kafkanor
kelleeta
kitschel
kramerpe
lainepro
largomor
loreleir
mahialmo
malleonc
marquisd
mashacar
nailsmar
nonastar
orionmet
raymondk
richtyre
solegraz
templema
tiesemoo
vixenpro
xerathma
alexiaki
aprilkiz
arnitaho
breamblo
broggcas
casieigg
chadzula
dareonhe
dexterla
dhazzarn
dolliema
farlenpe
gungance
hedygaly
jinnjadz
jungbran
karitick
kristana
louiejor
merriehe
naerysem
olyvarca
pohlbent
powerspo
rosalvat
spockvic
stewfurt
stooparn
tannerke
andrikfu
annettab
bennette
briancom
cotterbr
creambri
dinashem
dingleak
elphiasb
emeraldm
fromagep
garlicgo
gerdurig
grandpaw
gruyeres
imogenef
jessiagi
kasifund
koolwend
laylacri
leaderch
lettiear
lonnieov
malborda
mariamfi
mycahpap
myrticeh
nikilega
prakflat
roperlar
shubques
tabethau
tarijoan
trinhmil
tumcogol
vanillas
ariellev
ashfordj
banhmart
botanvap
bowenemm
brynnrub
carliete
castorch
cheryllg
coonzulm
fowlerqu
harmundl
jameebar
kishamar
kraiggil
leenaeli
levelpre
lilliams
marlynto
minedran
ninonanc
novercra
onionslo
rammussc
raulcrus
rolleyva
scheinwe
serinaqu
shoreluc
starmieb
steelbut
szeskiel
tylandfa
tylergir
tyrandes
vilkasro
woodyriv
wymandae
