USERNAMES,TOTAL NUMBER: 61
arlethab
brittnib
ellarias
emelyaur
hazraksa
hizdahrs
jestwhis
johnieer
kathyblu
marvinad
norahara
pallasar
sloeycar
ummadesh
aricatop
botanwin
bradyque
colddulc
delorisw
greymayn
kenaodil
neilmoni
qhorinha
rollammo
squeecla
starvinm
weezingm
adarysel
andrewsh
andrikky
azorjane
boriskar
celinaph
charisep
coranorr
deliadai
edmondfa
eugenies
maliqaug
narcissm
organalo
prunesgl
regenase
ridgefer
tortugab
woodyjof
branchlo
bywaterc
chunidah
commonch
fairyjul
jerilynm
jigsawla
lavinaap
odisinca
probiusp
quincjan
radishta
romandam
stilgars
ullhorco
