USERNAMES,TOTAL NUMBER: 175,ACCEPTANCE RATE: 25.04%
amandaci
anyamode
artieulr
bantamko
brentonc
caswellq
celsafer
chesthil
crowbrya
eladiare
galinagl
hothoreg
ibleelec
jamissaf
jovansha
kaciemag
kelleeta
kitschel
lalakrys
largomor
loreanko
luthorsh
mahialmo
malleonc
millydav
missmath
nailsmar
naomanub
nonastar
norreyma
orionmet
pearliec
raymondk
richtyre
rogantom
selmypai
solegraz
steelyow
tiesemoo
tucodaug
veigarde
vixenpro
xerathma
adrienla
alexiaki
amymoneg
arlettaw
arnitaho
bradbigg
breamblo
broggcas
casseydo
chadzula
dareonhe
dexterla
farlenpe
genjifal
gungance
haldercy
harwoodd
jeannaha
justinac
kariefan
karitick
katijose
knapprit
kristana
lashonsa
maguspun
mallusok
marquisf
merriehe
mezzaras
odenmjol
olyvarca
oureadag
powerspo
rosalvat
spockvic
stooparn
swarmber
tannerke
toffeeba
ullervin
varamyrm
venmohot
andrikfu
annettab
bennette
bertbria
chipgoos
clowndea
corrined
cotterbr
creambri
dinashem
dollarty
elphiasb
emeraldb
fromagep
gerdurig
grandpaw
gruyeres
hoagsmil
imogenef
jessiagi
jorelleb
jorkinsb
jynxbark
kasifund
koolwend
leaderch
loiselon
lonnieov
mariamfi
mycahpap
myrticeh
nollabet
peaketar
phylisfe
prakflat
spectrab
tarijoan
tominell
trinhmil
tumcogol
unellary
wynndoro
allisern
ariellev
banhmart
bluesqui
brynnrub
carliete
carlpage
castorch
cattermy
cheryllg
cicelyaa
crissyfo
daphnejo
delmybru
eddarach
fawnlexi
ghostast
hardyter
idellket
jameebar
jennican
jericado
kishamar
kristaba
leenaeli
levelpre
lingtemp
lophandn
marlynto
minedran
ninonanc
novercra
onionslo
rammussc
raulcrus
rebaavri
redfishe
scheinwe
serinaqu
shoreluc
steelbut
stefanfr
tameikag
tylandfa
tylergir
woodyriv
wymandae
