USERNAMES,TOTAL NUMBER: 124
amandaci
bantamko
chesthil
chestshr
dhansakp
eladiare
elliottd
frynneli
gladisde
hilaryle
hothoreg
johnnyge
judicarm
kaciemag
kafkanor
kelleeta
kitschel
lainepro
loreanko
loreleir
luthorsh
mahialmo
malleonc
mashacar
nonawait
reathabo
rogantom
salazarc
solegraz
tiesemoo
tucodaug
vixenpro
watersri
adrienla
albinali
amymoneg
aprilkiz
arlettaw
broggcas
delilagl
elletand
farlenpe
gagethem
genjifal
hedygaly
jennellb
kariefan
knapprit
lashonsa
louiejor
maudiear
merceran
minellaq
odenmjol
pohlbent
spykeves
swarmber
texannor
toffeeba
ullervin
venmohot
andrikfu
aniseedp
avengerd
bertbria
briancom
brunchme
chipgoos
cotterbr
creambri
dinashem
dollarty
emeraldb
emeraldm
eulabrad
falmerle
gerdurig
imogenef
jorelleb
loiselon
lonnieov
malborda
mariamfi
mycahpap
runcelca
shubques
tabethau
tanajean
tarijoan
trinhmil
unellary
vanillas
wothstin
wynndoro
adahvect
barbreyv
botanvap
brynncet
brynnrub
cicelyaa
danniela
eladiaam
fawnlexi
hardyter
idellket
jameebar
jericado
kieshaco
levelpre
loycemuc
marlynto
marthaqu
ninonanc
noeliagy
novercra
onionslo
raulcrus
rebaavri
rignesap
rustyilo
steelbut
vilkasro
woodyriv
zizekgen
