USERNAMES,TOTAL NUMBER: 183
careymis
caswellq
chesthil
crowbrya
dianeevi
eladiare
elannama
elliottd
enokiatk
fenrircr
fletamal
galinagl
gladisde
hilaryle
ibleelec
johnnyge
jothskin
judicarm
kaciemag
keytarni
kitschel
kramerpe
laciedel
ladderpe
lainepro
lalakrys
largomor
luthorsh
mahialmo
mandakar
marquisd
mashacar
millydav
mudcraby
nailsmar
naomanub
nonastar
norreyma
pearliec
raymondk
salazarc
selmypai
solegraz
steelyow
tiesemoo
tolletth
veigarde
vixenpro
watersri
xerathma
adrienla
amymoneg
arlettaw
bradbigg
dagmarja
dareonhe
delilagl
dexterla
dolliema
farlenpe
feijoaru
gagethem
genjifal
hedygaly
juniperd
khaylama
knapprit
kristana
mallusok
marquisf
maudiear
merceran
mezzaras
minellaq
oureadag
pohlbent
powerspo
rafaelno
rosalvat
swarmber
tannerke
texannor
toffeeba
ullervin
varamyrm
venmohot
yandryme
yonnmoll
bennette
bertbria
briancom
brunchme
caeneusf
carrolsu
chipgoos
clowndea
colinmar
corrined
dinashem
dollarty
elphiasb
emeraldb
emeraldm
forelecc
garlicgo
ginojenn
havenosb
hoagsmil
imogenef
jessiagi
jorkinsb
koolwend
lannamaf
laylacri
leaderch
lettiear
logginsp
lymondes
madamkat
malborda
mariamfi
marthado
nollabet
ollygena
programv
roperlar
rosalvae
tanajean
tumcogol
unellary
vanillas
wothstin
adahvect
barbreyv
bluesqui
botanvap
bowenemm
brynnrub
carliete
castorch
cattermy
cheryllg
cicelyaa
colemonj
danniela
evonchri
flatdill
fowlerqu
gerriurt
ghostast
hardyter
harmundl
jammieas
jennican
joserana
kacicare
kieshaco
kishamar
kristaba
levelpre
lidapryo
lophandn
malloryc
marlynto
marthaqu
minedran
ninonanc
onionslo
raulcrus
rebaavri
redfishe
rignesap
rolleyva
rudolfsa
rustyilo
sarumanj
steelbut
stefanfr
tamekama
tyrandes
vilkasro
virginpr
wymandae
