USERNAMES,TOTAL NUMBER: 62
amadagra
anyamode
artieulr
brentonc
careymis
caswellq
crowbrya
dianeevi
jamissaf
jovansha
laciedel
largomor
marquisd
orionmet
raymondk
richtyre
staceeca
veigarde
xerathma
alexiaki
breamblo
casieigg
chadzula
dhazzarn
jeannaha
jinnjadz
kristana
maguspun
merriehe
oureadag
powerspo
rosalvat
rudyruss
spockvic
stooparn
tannerke
annettab
bennette
drowzeev
elphiasb
fromagep
garlicgo
hoagsmil
nigeltys
prakflat
roperlar
tominell
cheryllg
coonzulm
ghostast
jammieas
kishamar
kraiggil
kristaba
lilliams
phuongwa
rolleyva
scheinwe
serinaqu
shoreluc
smedleya
tylergir
